<?xml version="1.0" encoding="UTF-8"?>
<project-private xmlns="http://www.netbeans.org/ns/project-private/1">
    <editor-bookmarks xmlns="http://www.netbeans.org/ns/editor-bookmarks/2" lastBookmarkId="0"/>
    <open-files xmlns="http://www.netbeans.org/ns/projectui-open-files/2">
        <group>
            <file>file:/media/sanu/MyComputer/Ide's/netbeans/RMI52_Server/src/business/custom/CustomerBO.java</file>
            <file>file:/media/sanu/MyComputer/Ide's/netbeans/RMI52_Server/src/service/custom/CustomerService.java</file>
            <file>file:/media/sanu/MyComputer/Ide's/netbeans/RMI52_Server/src/service/ServiceFactory.java</file>
            <file>file:/media/sanu/MyComputer/Ide's/netbeans/RMI52_Server/src/business/BOTypes.java</file>
            <file>file:/media/sanu/MyComputer/Ide's/netbeans/RMI52_Server/src/service/custom/impl/CustomerServiceImpl.java</file>
            <file>file:/media/sanu/MyComputer/Ide's/netbeans/RMI52_Server/src/business/custom/impl/CustomerBOImpl.java</file>
            <file>file:/media/sanu/MyComputer/Ide's/netbeans/RMI52_Server/src/service/SuperService.java</file>
            <file>file:/media/sanu/MyComputer/Ide's/netbeans/RMI52_Server/src/business/custom/ItemBO.java</file>
            <file>file:/media/sanu/MyComputer/Ide's/netbeans/RMI52_Server/src/service/custom/impl/ItemServiceImpl.java</file>
            <file>file:/media/sanu/MyComputer/Ide's/netbeans/RMI52_Server/src/business/BOFactory.java</file>
            <file>file:/media/sanu/MyComputer/Ide's/netbeans/RMI52_Server/src/main/StartServer.java</file>
            <file>file:/media/sanu/MyComputer/Ide's/netbeans/RMI52_Server/src/dto/CustomerDTO.java</file>
            <file>file:/media/sanu/MyComputer/Ide's/netbeans/RMI52_Server/src/business/custom/impl/ItemBOImpl.java</file>
            <file>file:/media/sanu/MyComputer/Ide's/netbeans/RMI52_Server/src/service/custom/ItemService.java</file>
            <file>file:/media/sanu/MyComputer/Ide's/netbeans/RMI52_Server/src/business/SuperBO.java</file>
            <file>file:/media/sanu/MyComputer/Ide's/netbeans/RMI52_Server/src/dto/ItemDTO.java</file>
            <file>file:/media/sanu/MyComputer/Ide's/netbeans/RMI52_Server/src/business/RemoteBoFactory.java</file>
            <file>file:/media/sanu/MyComputer/Ide's/netbeans/RMI52_Server/src/dto/CustomDTO.java</file>
        </group>
    </open-files>
</project-private>
