<?xml version="1.0" encoding="UTF-8"?>
<project-private xmlns="http://www.netbeans.org/ns/project-private/1">
    <editor-bookmarks xmlns="http://www.netbeans.org/ns/editor-bookmarks/2" lastBookmarkId="0"/>
    <open-files xmlns="http://www.netbeans.org/ns/projectui-open-files/2">
        <group>
            <file>file:/media/sanu/MyComputer/Ide's/netbeans/RMI52_Client/src/controller/CustomerController.java</file>
            <file>file:/media/sanu/MyComputer/Ide's/netbeans/RMI52_Client/src/connector/ProxyHandler.java</file>
            <file>file:/media/sanu/MyComputer/Ide's/netbeans/RMI52_Client/src/controller/ItemController.java</file>
            <file>file:/media/sanu/MyComputer/Ide's/netbeans/RMI52_Client/src/view/CustomerForm.java</file>
        </group>
    </open-files>
</project-private>
